app_id,op_id,dev_major,dev_minor,ino,index_start,index_end,priority
4,2,0,179208445,2533274790410619,0,5,1
4,3,0,179208445,2533274790410619,0,5,1
4,4,0,179208445,2533274790410619,0,5,1
4,5,0,179208445,2533274790410619,0,5,1
4,6,0,179208445,2533274790410619,0,5,1
4,7,0,179208445,2533274790410619,0,5,1
4,8,0,179208445,2533274790410619,0,5,1
4,9,0,179208445,2533274790410619,0,5,1
4,10,0,179208445,2533274790410619,0,5,1
4,11,0,179208445,2533274790410619,0,5,1
4,12,0,179208445,2533274790410619,0,5,1
4,13,0,179208445,2533274790410619,0,5,1
4,14,0,179208445,2533274790410619,0,5,1
4,16,0,179208445,2533274790410619,0,5,1
4,17,0,179208445,2533274790410619,0,5,1
4,18,0,179208445,2533274790410619,0,5,1
4,19,0,179208445,2533274790410619,0,5,1
4,20,0,179208445,2533274790410619,0,5,1
4,21,0,179208445,2533274790410619,0,5,1
4,22,0,179208445,2533274790410619,0,5,1
4,23,0,179208445,2533274790410619,0,5,1
4,24,0,179208445,2533274790410619,0,5,1
4,25,0,179208445,2533274790410619,0,5,1
4,26,0,179208445,2533274790410619,0,5,1
4,27,0,179208445,2533274790410619,0,5,1
4,28,0,179208445,2533274790410619,0,5,1
4,29,0,179208445,2533274790410619,0,5,1
4,30,0,179208445,2533274790410619,0,5,1
4,31,0,179208445,2533274790410619,0,5,1
4,32,0,179208445,2533274790410619,0,5,1
4,33,0,179208445,2533274790410619,0,5,1
4,34,0,179208445,2533274790410619,0,5,1
4,35,0,179208445,2533274790410619,0,5,1
4,36,0,179208445,2533274790410619,0,5,1
4,37,0,179208445,2533274790410619,0,5,1
4,38,0,179208445,2533274790410619,0,5,1
4,39,0,179208445,2533274790410619,0,5,1
4,40,0,179208445,2533274790410619,0,5,1
4,41,0,179208445,2533274790410619,0,5,1
