app_id,order,ctx0,ctx1,ctx2,ctx3,next_op,count,prob
4,4,2,3,4,5,22,191,0.221065
4,4,2,3,4,5,18,182,0.210648
4,4,2,3,4,5,14,110,0.127315
4,4,2,3,4,5,12,101,0.116898
4,4,2,3,4,5,17,99,0.114583
4,4,2,3,4,5,6,49,0.056713
4,4,2,3,4,5,30,31,0.035880
4,4,2,3,4,5,41,27,0.031250
4,4,2,3,4,5,8,26,0.030093
4,4,2,3,4,5,10,21,0.024306
4,4,2,3,4,5,32,18,0.020833
4,4,2,3,4,5,9,3,0.003472
4,4,2,3,4,5,23,2,0.002315
4,4,2,3,4,5,24,2,0.002315
4,4,2,3,4,5,40,2,0.002315
4,4,2,23,4,5,30,103,0.206413
4,4,2,23,4,5,9,95,0.190381
4,4,2,23,4,5,8,86,0.172345
4,4,2,23,4,5,16,70,0.140281
4,4,2,23,4,5,18,57,0.114228
4,4,2,23,4,5,41,36,0.072144
4,4,2,23,4,5,6,32,0.064128
4,4,2,23,4,5,10,6,0.012024
4,4,2,23,4,5,22,4,0.008016
4,4,2,23,4,5,23,4,0.008016
4,4,2,23,4,5,4,2,0.004008
4,4,2,23,4,5,31,2,0.004008
4,4,2,23,4,5,24,1,0.002004
4,4,2,23,4,5,40,1,0.002004
4,4,2,24,40,4,5,353,1.000000
4,4,2,25,22,21,31,24,1.000000
4,4,2,32,23,4,5,33,1.000000
4,4,2,32,32,3,4,30,1.000000
4,4,2,32,32,33,34,2,1.000000
4,4,2,32,33,27,4,29,1.000000
4,4,2,32,33,28,4,6,1.000000
4,4,2,32,33,34,35,5,1.000000
4,4,2,32,33,39,4,3,1.000000
4,4,2,33,27,4,5,107,1.000000
4,4,2,33,28,4,5,50,1.000000
4,4,2,33,32,34,35,11,1.000000
4,4,2,33,34,35,36,98,1.000000
4,4,2,33,39,4,5,50,1.000000
4,4,3,4,5,2,3,17,0.425000
4,4,3,4,5,2,23,8,0.200000
4,4,3,4,5,2,33,8,0.200000
4,4,3,4,5,2,24,4,0.100000
4,4,3,4,5,2,32,2,0.050000
4,4,3,4,5,2,25,1,0.025000
4,4,3,4,5,6,7,49,1.000000
4,4,3,4,5,8,5,26,1.000000
4,4,3,4,5,9,5,3,1.000000
4,4,3,4,5,10,5,21,1.000000
4,4,3,4,5,12,13,101,1.000000
4,4,3,4,5,14,31,110,0.990991
4,4,3,4,5,14,2,1,0.009009
4,4,3,4,5,17,31,99,0.990000
4,4,3,4,5,17,2,1,0.010000
4,4,3,4,5,18,31,96,0.524590
4,4,3,4,5,18,19,35,0.191257
4,4,3,4,5,18,14,27,0.147541
4,4,3,4,5,18,20,24,0.131148
4,4,3,4,5,18,2,1,0.005464
4,4,3,4,5,22,31,104,0.544503
4,4,3,4,5,22,25,61,0.319372
4,4,3,4,5,22,21,26,0.136126
4,4,3,4,5,23,4,2,1.000000
4,4,3,4,5,24,40,2,1.000000
4,4,3,4,5,30,5,31,1.000000
4,4,3,4,5,31,3,1,1.000000
4,4,3,4,5,32,5,18,1.000000
4,4,3,4,5,40,4,2,1.000000
4,4,3,4,5,41,2,26,1.000000
4,4,4,5,2,3,4,44,1.000000
4,4,4,5,2,23,4,30,1.000000
4,4,4,5,2,24,40,22,1.000000
4,4,4,5,2,25,22,2,1.000000
4,4,4,5,2,32,23,5,0.625000
4,4,4,5,2,32,33,2,0.250000
4,4,4,5,2,32,32,1,0.125000
4,4,4,5,2,33,27,7,0.350000
4,4,4,5,2,33,34,7,0.350000
4,4,4,5,2,33,28,3,0.150000
4,4,4,5,2,33,39,3,0.150000
4,4,4,5,4,5,2,3,0.500000
4,4,4,5,4,5,4,1,0.166667
4,4,4,5,4,5,14,1,0.166667
4,4,4,5,4,5,24,1,0.166667
4,4,4,5,6,7,5,95,1.000000
4,4,4,5,8,5,31,76,0.638655
4,4,4,5,8,5,8,39,0.327731
4,4,4,5,8,5,18,2,0.016807
4,4,4,5,8,5,6,1,0.008403
4,4,4,5,8,5,9,1,0.008403
4,4,4,5,9,5,31,94,0.949495
4,4,4,5,9,5,22,2,0.020202
4,4,4,5,9,5,18,1,0.010101
4,4,4,5,9,5,30,1,0.010101
4,4,4,5,9,5,41,1,0.010101
4,4,4,5,10,5,11,37,1.000000
4,4,4,5,12,13,31,101,1.000000
4,4,4,5,14,2,3,2,0.333333
4,4,4,5,14,2,23,1,0.166667
4,4,4,5,14,2,24,1,0.166667
4,4,4,5,14,2,32,1,0.166667
4,4,4,5,14,2,33,1,0.166667
4,4,4,5,14,31,2,164,1.000000
4,4,4,5,16,31,2,66,1.000000
4,4,4,5,17,2,23,1,0.500000
4,4,4,5,17,2,32,1,0.500000
4,4,4,5,17,31,2,96,1.000000
4,4,4,5,18,2,3,3,0.600000
4,4,4,5,18,2,23,1,0.200000
4,4,4,5,18,2,32,1,0.200000
4,4,4,5,18,14,16,45,1.000000
4,4,4,5,18,19,20,41,0.506173
4,4,4,5,18,19,31,40,0.493827
4,4,4,5,18,20,31,50,1.000000
4,4,4,5,18,31,2,152,1.000000
4,4,4,5,22,21,31,26,1.000000
4,4,4,5,22,25,31,37,0.606557
4,4,4,5,22,25,26,24,0.393443
4,4,4,5,22,31,2,165,0.937500
4,4,4,5,22,31,23,11,0.062500
4,4,4,5,23,4,5,17,1.000000
4,4,4,5,24,40,4,12,1.000000
4,4,4,5,29,31,2,49,1.000000
4,4,4,5,30,5,31,93,0.628378
4,4,4,5,30,5,9,50,0.337838
4,4,4,5,30,5,41,3,0.020270
4,4,4,5,30,5,6,2,0.013514
4,4,4,5,31,2,3,83,0.412935
4,4,4,5,31,2,23,44,0.218905
4,4,4,5,31,2,24,32,0.159204
4,4,4,5,31,2,33,27,0.134328
4,4,4,5,31,2,32,10,0.049751
4,4,4,5,31,2,25,5,0.024876
4,4,4,5,31,3,4,16,1.000000
4,4,4,5,32,5,2,18,1.000000
4,4,4,5,40,4,5,5,1.000000
4,4,4,5,41,2,3,31,0.387500
4,4,4,5,41,2,23,22,0.275000
4,4,4,5,41,2,24,10,0.125000
4,4,4,5,41,2,33,10,0.125000
4,4,4,5,41,2,32,6,0.075000
4,4,4,5,41,2,25,1,0.012500
4,4,5,2,3,4,5,113,1.000000
4,4,5,2,23,4,5,78,1.000000
4,4,5,2,24,40,4,49,1.000000
4,4,5,2,25,22,21,3,1.000000
4,4,5,2,32,23,4,6,1.000000
4,4,5,2,32,32,3,4,1.000000
4,4,5,2,32,33,27,5,0.555556
4,4,5,2,32,33,28,2,0.222222
4,4,5,2,32,33,34,2,0.222222
4,4,5,2,33,27,4,16,1.000000
4,4,5,2,33,28,4,9,1.000000
4,4,5,2,33,32,34,2,1.000000
4,4,5,2,33,34,35,13,1.000000
4,4,5,2,33,39,4,7,1.000000
4,4,5,4,5,2,23,2,0.666667
4,4,5,4,5,2,33,1,0.333333
4,4,5,4,5,4,5,1,1.000000
4,4,5,4,5,24,40,1,1.000000
4,4,5,6,7,5,8,49,0.500000
4,4,5,6,7,5,10,41,0.418367
4,4,5,6,7,5,9,3,0.030612
4,4,5,6,7,5,41,2,0.020408
4,4,5,6,7,5,18,1,0.010204
4,4,5,6,7,5,22,1,0.010204
4,4,5,6,7,5,31,1,0.010204
4,4,5,8,5,2,3,21,0.437500
4,4,5,8,5,2,23,12,0.250000
4,4,5,8,5,2,33,7,0.145833
4,4,5,8,5,2,24,5,0.104167
4,4,5,8,5,2,32,3,0.062500
4,4,5,8,5,6,7,1,1.000000
4,4,5,8,5,8,5,39,1.000000
4,4,5,8,5,9,5,1,1.000000
4,4,5,8,5,18,2,1,1.000000
4,4,5,8,5,30,5,39,1.000000
4,4,5,8,5,31,2,75,1.000000
4,4,5,9,5,2,3,19,0.441860
4,4,5,9,5,2,23,11,0.255814
4,4,5,9,5,2,33,9,0.209302
4,4,5,9,5,2,24,4,0.093023
4,4,5,9,5,18,2,1,1.000000
4,4,5,9,5,22,31,5,1.000000
4,4,5,9,5,30,5,1,1.000000
4,4,5,9,5,31,2,92,1.000000
4,4,5,9,5,41,2,3,1.000000
4,4,5,10,5,11,5,37,1.000000
4,4,5,10,11,31,2,39,1.000000
4,4,5,11,5,2,23,14,0.388889
4,4,5,11,5,2,3,10,0.277778
4,4,5,11,5,2,24,5,0.138889
4,4,5,11,5,2,33,4,0.111111
4,4,5,11,5,2,32,2,0.055556
4,4,5,11,5,2,25,1,0.027778
4,4,5,12,13,31,2,98,1.000000
4,4,5,14,2,3,4,2,1.000000
4,4,5,14,2,23,4,1,1.000000
4,4,5,14,2,24,40,1,1.000000
4,4,5,14,2,32,23,1,1.000000
4,4,5,14,2,33,32,1,1.000000
4,4,5,14,31,2,3,57,0.347561
4,4,5,14,31,2,23,42,0.256098
4,4,5,14,31,2,24,29,0.176829
4,4,5,14,31,2,33,29,0.176829
4,4,5,14,31,2,32,7,0.042683
4,4,5,16,31,2,3,30,0.454545
4,4,5,16,31,2,23,12,0.181818
4,4,5,16,31,2,24,10,0.151515
4,4,5,16,31,2,33,9,0.136364
4,4,5,16,31,2,32,4,0.060606
4,4,5,16,31,2,25,1,0.015152
4,4,5,17,2,23,4,1,1.000000
4,4,5,17,2,32,23,1,1.000000
4,4,5,17,31,2,3,44,0.458333
4,4,5,17,31,2,23,20,0.208333
4,4,5,17,31,2,24,16,0.166667
4,4,5,17,31,2,33,11,0.114583
4,4,5,17,31,2,32,5,0.052083
4,4,5,18,2,3,4,3,1.000000
4,4,5,18,2,23,4,4,1.000000
4,4,5,18,2,32,32,1,1.000000
4,4,5,18,14,16,31,45,1.000000
4,4,5,18,19,20,31,41,1.000000
4,4,5,18,19,31,2,39,1.000000
4,4,5,18,20,31,2,49,1.000000
4,4,5,18,31,2,3,58,0.381579
4,4,5,18,31,2,23,35,0.230263
4,4,5,18,31,2,24,25,0.164474
4,4,5,18,31,2,33,25,0.164474
4,4,5,18,31,2,32,7,0.046053
4,4,5,18,31,2,25,2,0.013158
4,4,5,22,21,31,2,26,1.000000
4,4,5,22,25,26,31,24,1.000000
4,4,5,22,25,31,2,34,1.000000
4,4,5,22,31,2,3,71,0.415205
4,4,5,22,31,2,23,37,0.216374
4,4,5,22,31,2,24,30,0.175439
4,4,5,22,31,2,33,28,0.163743
4,4,5,22,31,2,32,4,0.023392
4,4,5,22,31,2,25,1,0.005848
4,4,5,22,31,23,4,11,1.000000
4,4,5,23,4,5,2,7,0.437500
4,4,5,23,4,5,14,4,0.250000
4,4,5,23,4,5,17,1,0.062500
4,4,5,23,4,5,18,1,0.062500
4,4,5,23,4,5,22,1,0.062500
4,4,5,23,4,5,31,1,0.062500
4,4,5,23,4,5,40,1,0.062500
4,4,5,24,40,4,5,12,1.000000
4,4,5,29,31,2,3,24,0.489796
4,4,5,29,31,2,24,8,0.163265
4,4,5,29,31,2,33,8,0.163265
4,4,5,29,31,2,23,7,0.142857
4,4,5,29,31,2,32,2,0.040816
4,4,5,30,5,2,3,13,0.342105
4,4,5,30,5,2,24,9,0.236842
4,4,5,30,5,2,23,7,0.184211
4,4,5,30,5,2,32,5,0.131579
4,4,5,30,5,2,33,4,0.105263
4,4,5,30,5,6,7,2,1.000000
4,4,5,30,5,9,5,50,1.000000
4,4,5,30,5,31,2,90,1.000000
4,4,5,30,5,41,2,3,1.000000
4,4,5,31,2,3,4,186,1.000000
4,4,5,31,2,23,4,104,1.000000
4,4,5,31,2,24,40,80,1.000000
4,4,5,31,2,25,22,8,1.000000
4,4,5,31,2,32,32,10,0.454545
4,4,5,31,2,32,33,9,0.409091
4,4,5,31,2,32,23,3,0.136364
4,4,5,31,2,33,34,22,0.372881
4,4,5,31,2,33,27,20,0.338983
4,4,5,31,2,33,39,10,0.169492
4,4,5,31,2,33,28,6,0.101695
4,4,5,31,2,33,32,1,0.016949
4,4,5,31,3,4,5,16,1.000000
4,4,5,32,5,2,3,6,0.333333
4,4,5,32,5,2,23,4,0.222222
4,4,5,32,5,2,24,4,0.222222
4,4,5,32,5,2,33,3,0.166667
4,4,5,32,5,2,32,1,0.055556
4,4,5,40,4,5,2,3,0.600000
4,4,5,40,4,5,18,1,0.200000
4,4,5,40,4,5,22,1,0.200000
4,4,5,41,2,3,4,33,1.000000
4,4,5,41,2,23,4,26,1.000000
4,4,5,41,2,24,40,11,1.000000
4,4,5,41,2,25,22,1,1.000000
4,4,5,41,2,32,23,2,0.333333
4,4,5,41,2,32,32,2,0.333333
4,4,5,41,2,32,33,2,0.333333
4,4,5,41,2,33,39,4,0.400000
4,4,5,41,2,33,34,3,0.300000
4,4,5,41,2,33,27,2,0.200000
4,4,5,41,2,33,28,1,0.100000
4,4,6,7,5,8,5,49,1.000000
4,4,6,7,5,9,5,3,1.000000
4,4,6,7,5,10,11,41,1.000000
4,4,6,7,5,18,2,1,1.000000
4,4,6,7,5,22,31,1,1.000000
4,4,6,7,5,31,2,1,1.000000
4,4,6,7,5,41,2,1,1.000000
4,4,7,5,8,5,2,48,1.000000
4,4,7,5,9,5,41,2,0.666667
4,4,7,5,9,5,22,1,0.333333
4,4,7,5,10,11,31,41,1.000000
4,4,7,5,18,2,23,1,1.000000
4,4,7,5,22,31,2,1,1.000000
4,4,7,5,31,2,23,1,1.000000
4,4,7,5,41,2,23,1,1.000000
4,4,8,5,2,3,4,21,1.000000
4,4,8,5,2,23,4,12,1.000000
4,4,8,5,2,24,40,5,1.000000
4,4,8,5,2,32,32,2,0.666667
4,4,8,5,2,32,23,1,0.333333
4,4,8,5,2,33,28,2,0.285714
4,4,8,5,2,33,34,2,0.285714
4,4,8,5,2,33,27,1,0.142857
4,4,8,5,2,33,32,1,0.142857
4,4,8,5,2,33,39,1,0.142857
4,4,8,5,6,7,5,1,1.000000
4,4,8,5,8,5,30,39,1.000000
4,4,8,5,9,5,31,1,1.000000
4,4,8,5,18,2,23,1,1.000000
4,4,8,5,30,5,2,38,1.000000
4,4,8,5,31,2,3,28,0.373333
4,4,8,5,31,2,23,17,0.226667
4,4,8,5,31,2,24,12,0.160000
4,4,8,5,31,2,33,12,0.160000
4,4,8,5,31,2,32,5,0.066667
4,4,8,5,31,2,25,1,0.013333
4,4,9,5,2,3,4,19,1.000000
4,4,9,5,2,23,4,11,1.000000
4,4,9,5,2,24,40,4,1.000000
4,4,9,5,2,33,27,4,0.444444
4,4,9,5,2,33,34,2,0.222222
4,4,9,5,2,33,39,2,0.222222
4,4,9,5,2,33,32,1,0.111111
4,4,9,5,18,2,23,1,1.000000
4,4,9,5,22,31,2,5,1.000000
4,4,9,5,30,5,31,1,1.000000
4,4,9,5,31,2,3,33,0.358696
4,4,9,5,31,2,23,20,0.217391
4,4,9,5,31,2,24,20,0.217391
4,4,9,5,31,2,33,13,0.141304
4,4,9,5,31,2,32,5,0.054348
4,4,9,5,31,2,25,1,0.010870
4,4,9,5,41,2,3,1,0.333333
4,4,9,5,41,2,23,1,0.333333
4,4,9,5,41,2,24,1,0.333333
4,4,10,5,11,5,2,36,1.000000
4,4,10,11,31,2,3,16,0.410256
4,4,10,11,31,2,23,10,0.256410
4,4,10,11,31,2,24,6,0.153846
4,4,10,11,31,2,33,5,0.128205
4,4,10,11,31,2,32,2,0.051282
4,4,11,5,2,3,4,10,1.000000
4,4,11,5,2,23,4,14,1.000000
4,4,11,5,2,24,40,5,1.000000
4,4,11,5,2,25,22,1,1.000000
4,4,11,5,2,32,32,1,0.500000
4,4,11,5,2,32,33,1,0.500000
4,4,11,5,2,33,28,2,0.500000
4,4,11,5,2,33,27,1,0.250000
4,4,11,5,2,33,34,1,0.250000
4,4,11,31,2,3,4,16,1.000000
4,4,11,31,2,23,4,10,1.000000
4,4,11,31,2,24,40,6,1.000000
4,4,11,31,2,32,32,1,0.500000
4,4,11,31,2,32,33,1,0.500000
4,4,11,31,2,33,39,3,0.600000
4,4,11,31,2,33,27,1,0.200000
4,4,11,31,2,33,34,1,0.200000
4,4,12,13,31,2,3,41,0.418367
4,4,12,13,31,2,23,17,0.173469
4,4,12,13,31,2,24,17,0.173469
4,4,12,13,31,2,33,15,0.153061
4,4,12,13,31,2,32,6,0.061224
4,4,12,13,31,2,25,2,0.020408
4,4,13,31,2,3,4,41,1.000000
4,4,13,31,2,23,4,17,1.000000
4,4,13,31,2,24,40,17,1.000000
4,4,13,31,2,25,22,2,1.000000
4,4,13,31,2,32,23,3,0.500000
4,4,13,31,2,32,33,3,0.500000
4,4,13,31,2,33,34,8,0.533333
4,4,13,31,2,33,27,3,0.200000
4,4,13,31,2,33,28,2,0.133333
4,4,13,31,2,33,32,1,0.066667
4,4,13,31,2,33,39,1,0.066667
4,4,14,2,3,4,5,2,1.000000
4,4,14,2,23,4,5,1,1.000000
4,4,14,2,24,40,4,1,1.000000
4,4,14,2,32,23,4,1,1.000000
4,4,14,2,33,32,34,1,1.000000
4,4,14,16,31,2,3,16,0.372093
4,4,14,16,31,2,23,13,0.302326
4,4,14,16,31,2,33,6,0.139535
4,4,14,16,31,2,24,5,0.116279
4,4,14,16,31,2,32,3,0.069767
4,4,14,31,2,3,4,57,1.000000
4,4,14,31,2,23,4,42,1.000000
4,4,14,31,2,24,40,29,1.000000
4,4,14,31,2,32,33,3,0.428571
4,4,14,31,2,32,23,2,0.285714
4,4,14,31,2,32,32,2,0.285714
4,4,14,31,2,33,34,15,0.517241
4,4,14,31,2,33,27,6,0.206897
4,4,14,31,2,33,28,5,0.172414
4,4,14,31,2,33,39,2,0.068966
4,4,14,31,2,33,32,1,0.034483
4,4,16,31,2,3,4,46,1.000000
4,4,16,31,2,23,4,25,1.000000
4,4,16,31,2,24,40,15,1.000000
4,4,16,31,2,25,22,1,1.000000
4,4,16,31,2,32,33,5,0.714286
4,4,16,31,2,32,23,1,0.142857
4,4,16,31,2,32,32,1,0.142857
4,4,16,31,2,33,27,9,0.600000
4,4,16,31,2,33,39,3,0.200000
4,4,16,31,2,33,34,2,0.133333
4,4,16,31,2,33,28,1,0.066667
4,4,17,2,23,4,5,1,1.000000
4,4,17,2,32,23,4,1,1.000000
4,4,17,31,2,3,4,44,1.000000
4,4,17,31,2,23,4,20,1.000000
4,4,17,31,2,24,40,16,1.000000
4,4,17,31,2,32,32,3,0.600000
4,4,17,31,2,32,23,2,0.400000
4,4,17,31,2,33,28,4,0.363636
4,4,17,31,2,33,34,3,0.272727
4,4,17,31,2,33,27,2,0.181818
4,4,17,31,2,33,32,1,0.090909
4,4,17,31,2,33,39,1,0.090909
4,4,18,2,3,4,5,3,1.000000
4,4,18,2,23,4,5,4,1.000000
4,4,18,2,32,32,3,1,1.000000
4,4,18,14,16,31,2,43,1.000000
4,4,18,19,20,31,2,37,1.000000
4,4,18,19,31,2,3,18,0.461538
4,4,18,19,31,2,23,8,0.205128
4,4,18,19,31,2,24,6,0.153846
4,4,18,19,31,2,33,6,0.153846
4,4,18,19,31,2,32,1,0.025641
4,4,18,20,31,2,3,21,0.428571
4,4,18,20,31,2,33,9,0.183673
4,4,18,20,31,2,23,8,0.163265
4,4,18,20,31,2,24,7,0.142857
4,4,18,20,31,2,25,2,0.040816
4,4,18,20,31,2,32,2,0.040816
4,4,18,31,2,3,4,58,1.000000
4,4,18,31,2,23,4,35,1.000000
4,4,18,31,2,24,40,25,1.000000
4,4,18,31,2,25,22,2,1.000000
4,4,18,31,2,32,32,4,0.571429
4,4,18,31,2,32,23,2,0.285714
4,4,18,31,2,32,33,1,0.142857
4,4,18,31,2,33,27,8,0.320000
4,4,18,31,2,33,28,7,0.280000
4,4,18,31,2,33,39,5,0.200000
4,4,18,31,2,33,34,4,0.160000
4,4,18,31,2,33,32,1,0.040000
4,4,19,20,31,2,3,18,0.486486
4,4,19,20,31,2,23,8,0.216216
4,4,19,20,31,2,33,6,0.162162
4,4,19,20,31,2,24,3,0.081081
4,4,19,20,31,2,32,2,0.054054
4,4,19,31,2,3,4,18,1.000000
4,4,19,31,2,23,4,8,1.000000
4,4,19,31,2,24,40,6,1.000000
4,4,19,31,2,32,33,1,1.000000
4,4,19,31,2,33,34,3,0.500000
4,4,19,31,2,33,27,1,0.166667
4,4,19,31,2,33,32,1,0.166667
4,4,19,31,2,33,39,1,0.166667
4,4,20,31,2,3,4,39,1.000000
4,4,20,31,2,23,4,16,1.000000
4,4,20,31,2,24,40,10,1.000000
4,4,20,31,2,25,22,2,1.000000
4,4,20,31,2,32,33,3,0.750000
4,4,20,31,2,32,23,1,0.250000
4,4,20,31,2,33,27,5,0.333333
4,4,20,31,2,33,34,5,0.333333
4,4,20,31,2,33,28,3,0.200000
4,4,20,31,2,33,39,2,0.133333
4,4,21,31,2,3,4,14,1.000000
4,4,21,31,2,23,4,14,1.000000
4,4,21,31,2,24,40,9,1.000000
4,4,21,31,2,32,23,1,0.500000
4,4,21,31,2,32,32,1,0.500000
4,4,21,31,2,33,27,5,0.500000
4,4,21,31,2,33,28,3,0.300000
4,4,21,31,2,33,34,1,0.100000
4,4,21,31,2,33,39,1,0.100000
4,4,22,21,31,2,3,14,0.285714
4,4,22,21,31,2,23,14,0.285714
4,4,22,21,31,2,33,10,0.204082
4,4,22,21,31,2,24,9,0.183673
4,4,22,21,31,2,32,2,0.040816
4,4,22,25,26,31,2,23,1.000000
4,4,22,25,31,2,3,16,0.470588
4,4,22,25,31,2,23,8,0.235294
4,4,22,25,31,2,33,5,0.147059
4,4,22,25,31,2,24,3,0.088235
4,4,22,25,31,2,25,2,0.058824
4,4,22,31,2,3,4,71,1.000000
4,4,22,31,2,23,4,37,1.000000
4,4,22,31,2,24,40,30,1.000000
4,4,22,31,2,25,22,1,1.000000
4,4,22,31,2,32,23,2,0.500000
4,4,22,31,2,32,32,2,0.500000
4,4,22,31,2,33,27,10,0.357143
4,4,22,31,2,33,34,10,0.357143
4,4,22,31,2,33,28,3,0.107143
4,4,22,31,2,33,39,3,0.107143
4,4,22,31,2,33,32,2,0.071429
4,4,22,31,23,4,5,11,1.000000
4,4,23,4,5,2,3,12,0.285714
4,4,23,4,5,2,23,12,0.285714
4,4,23,4,5,2,24,10,0.238095
4,4,23,4,5,2,33,5,0.119048
4,4,23,4,5,2,32,3,0.071429
4,4,23,4,5,4,5,3,1.000000
4,4,23,4,5,6,7,32,1.000000
4,4,23,4,5,8,5,86,1.000000
4,4,23,4,5,9,5,95,1.000000
4,4,23,4,5,10,5,6,1.000000
4,4,23,4,5,14,2,4,1.000000
4,4,23,4,5,16,31,70,1.000000
4,4,23,4,5,17,2,1,1.000000
4,4,23,4,5,18,19,29,0.491525
4,4,23,4,5,18,20,16,0.271186
4,4,23,4,5,18,14,12,0.203390
4,4,23,4,5,18,2,2,0.033898
4,4,23,4,5,22,31,7,1.000000
4,4,23,4,5,23,4,4,1.000000
4,4,23,4,5,24,40,2,1.000000
4,4,23,4,5,30,5,103,1.000000
4,4,23,4,5,31,3,4,1.000000
4,4,23,4,5,40,4,2,1.000000
4,4,23,4,5,41,2,32,1.000000
4,4,24,40,4,5,18,93,0.255495
4,4,24,40,4,5,22,67,0.184066
4,4,24,40,4,5,31,64,0.175824
4,4,24,40,4,5,14,58,0.159341
4,4,24,40,4,5,41,23,0.063187
4,4,24,40,4,5,6,14,0.038462
4,4,24,40,4,5,30,14,0.038462
4,4,24,40,4,5,10,10,0.027473
4,4,24,40,4,5,8,7,0.019231
4,4,24,40,4,5,2,6,0.016484
4,4,24,40,4,5,23,4,0.010989
4,4,24,40,4,5,4,2,0.005495
4,4,24,40,4,5,9,1,0.002747
4,4,24,40,4,5,40,1,0.002747
4,4,25,2,24,40,4,1,1.000000
4,4,25,2,33,34,35,1,1.000000
4,4,25,22,21,31,2,23,1.000000
4,4,25,26,31,2,3,9,0.391304
4,4,25,26,31,2,23,7,0.304348
4,4,25,26,31,2,24,5,0.217391
4,4,25,26,31,2,33,2,0.086957
4,4,25,27,4,5,2,1,1.000000
4,4,25,31,2,3,4,16,1.000000
4,4,25,31,2,23,4,8,1.000000
4,4,25,31,2,24,40,3,1.000000
4,4,25,31,2,25,22,2,1.000000
4,4,25,31,2,33,27,2,0.400000
4,4,25,31,2,33,39,2,0.400000
4,4,25,31,2,33,34,1,0.200000
4,4,26,31,2,3,4,9,1.000000
4,4,26,31,2,23,4,7,1.000000
4,4,26,31,2,24,40,5,1.000000
4,4,26,31,2,33,27,1,0.500000
4,4,26,31,2,33,28,1,0.500000
4,4,27,4,5,2,3,8,0.296296
4,4,27,4,5,2,33,6,0.222222
4,4,27,4,5,2,23,5,0.185185
4,4,27,4,5,2,24,5,0.185185
4,4,27,4,5,2,32,3,0.111111
4,4,27,4,5,23,4,3,1.000000
4,4,27,4,5,24,40,2,1.000000
4,4,27,4,5,29,31,49,1.000000
4,4,27,4,5,31,2,52,0.928571
4,4,27,4,5,31,3,4,0.071429
4,4,28,4,5,2,3,2,0.500000
4,4,28,4,5,2,23,1,0.250000
4,4,28,4,5,2,24,1,0.250000
4,4,28,4,5,23,4,3,1.000000
4,4,28,4,5,24,40,4,1.000000
4,4,28,4,5,31,2,42,0.913043
4,4,28,4,5,31,3,4,0.086957
4,4,29,31,2,3,4,24,1.000000
4,4,29,31,2,23,4,7,1.000000
4,4,29,31,2,24,40,8,1.000000
4,4,29,31,2,32,23,1,0.500000
4,4,29,31,2,32,33,1,0.500000
4,4,29,31,2,33,27,5,0.625000
4,4,29,31,2,33,34,3,0.375000
4,4,30,5,2,3,4,13,1.000000
4,4,30,5,2,23,4,7,1.000000
4,4,30,5,2,24,40,9,1.000000
4,4,30,5,2,32,33,5,1.000000
4,4,30,5,2,33,28,2,0.500000
4,4,30,5,2,33,27,1,0.250000
4,4,30,5,2,33,34,1,0.250000
4,4,30,5,6,7,5,2,1.000000
4,4,30,5,9,5,2,43,0.934783
4,4,30,5,9,5,22,2,0.043478
4,4,30,5,9,5,31,1,0.021739
4,4,30,5,31,2,3,42,0.466667
4,4,30,5,31,2,23,22,0.244444
4,4,30,5,31,2,24,16,0.177778
4,4,30,5,31,2,33,7,0.077778
4,4,30,5,31,2,32,2,0.022222
4,4,30,5,31,2,25,1,0.011111
4,4,30,5,41,2,23,2,0.666667
4,4,30,5,41,2,3,1,0.333333
4,4,31,2,3,4,5,640,1.000000
4,4,31,2,23,4,5,350,1.000000
4,4,31,2,24,40,4,259,1.000000
4,4,31,2,25,22,21,18,1.000000
4,4,31,2,32,23,4,18,1.000000
4,4,31,2,32,32,3,22,0.916667
4,4,31,2,32,32,33,2,0.083333
4,4,31,2,32,33,27,20,0.740741
4,4,31,2,32,33,28,3,0.111111
4,4,31,2,32,33,34,2,0.074074
4,4,31,2,32,33,39,2,0.074074
4,4,31,2,33,27,4,78,1.000000
4,4,31,2,33,28,4,35,1.000000
4,4,31,2,33,32,34,8,1.000000
4,4,31,2,33,34,35,78,1.000000
4,4,31,2,33,39,4,35,1.000000
4,4,31,3,4,5,2,11,0.733333
4,4,31,3,4,5,14,1,0.066667
4,4,31,3,4,5,17,1,0.066667
4,4,31,3,4,5,18,1,0.066667
4,4,31,3,4,5,31,1,0.066667
4,4,31,23,4,5,2,4,0.400000
4,4,31,23,4,5,22,2,0.200000
4,4,31,23,4,5,4,1,0.100000
4,4,31,23,4,5,18,1,0.100000
4,4,31,23,4,5,24,1,0.100000
4,4,31,23,4,5,31,1,0.100000
4,4,31,28,4,5,2,2,1.000000
4,4,31,33,2,23,4,1,1.000000
4,4,31,33,2,24,40,1,1.000000
4,4,31,33,2,33,28,1,1.000000
4,4,31,33,27,4,5,1,1.000000
4,4,31,33,39,4,5,1,1.000000
4,4,32,3,4,5,2,29,1.000000
4,4,32,5,2,3,4,6,1.000000
4,4,32,5,2,23,4,4,1.000000
4,4,32,5,2,24,40,4,1.000000
4,4,32,5,2,32,33,1,1.000000
4,4,32,5,2,33,27,2,0.666667
4,4,32,5,2,33,39,1,0.333333
4,4,32,23,4,5,2,31,1.000000
4,4,32,32,3,4,5,30,1.000000
4,4,32,32,33,34,35,2,1.000000
4,4,32,33,27,4,5,29,1.000000
4,4,32,33,28,4,5,6,1.000000
4,4,32,33,34,35,36,7,1.000000
4,4,32,33,39,4,5,3,1.000000
4,4,32,34,35,36,37,11,1.000000
4,4,33,2,23,4,5,1,1.000000
4,4,33,2,24,40,4,1,1.000000
4,4,33,2,33,28,4,1,1.000000
4,4,33,27,4,5,31,57,0.416058
4,4,33,27,4,5,29,49,0.357664
4,4,33,27,4,5,2,26,0.189781
4,4,33,27,4,5,23,3,0.021898
4,4,33,27,4,5,24,2,0.014599
4,4,33,28,4,5,31,49,0.844828
4,4,33,28,4,5,24,4,0.068966
4,4,33,28,4,5,23,3,0.051724
4,4,33,28,4,5,2,2,0.034483
4,4,33,32,34,35,36,11,1.000000
4,4,33,34,35,36,37,105,1.000000
4,4,33,39,4,5,31,51,0.944444
4,4,33,39,4,5,2,1,0.018519
4,4,33,39,4,5,23,1,0.018519
4,4,33,39,4,5,24,1,0.018519
4,4,34,35,36,37,38,116,1.000000
4,4,35,36,37,38,2,72,0.626087
4,4,35,36,37,38,37,26,0.226087
4,4,35,36,37,38,31,11,0.095652
4,4,35,36,37,38,25,4,0.034783
4,4,35,36,37,38,33,2,0.017391
4,4,36,37,38,2,3,32,0.444444
4,4,36,37,38,2,23,17,0.236111
4,4,36,37,38,2,24,14,0.194444
4,4,36,37,38,2,32,5,0.069444
4,4,36,37,38,2,33,3,0.041667
4,4,36,37,38,2,25,1,0.013889
4,4,36,37,38,25,2,2,0.500000
4,4,36,37,38,25,27,2,0.500000
4,4,36,37,38,31,33,5,0.454545
4,4,36,37,38,31,28,4,0.363636
4,4,36,37,38,31,2,2,0.181818
4,4,36,37,38,33,28,2,1.000000
4,4,36,37,38,37,38,26,1.000000
4,4,37,38,2,3,4,41,1.000000
4,4,37,38,2,23,4,22,1.000000
4,4,37,38,2,24,40,18,1.000000
4,4,37,38,2,25,22,1,1.000000
4,4,37,38,2,32,33,4,0.571429
4,4,37,38,2,32,23,2,0.285714
4,4,37,38,2,32,32,1,0.142857
4,4,37,38,2,33,27,5,0.625000
4,4,37,38,2,33,28,1,0.125000
4,4,37,38,2,33,34,1,0.125000
4,4,37,38,2,33,39,1,0.125000
4,4,37,38,25,2,24,1,0.500000
4,4,37,38,25,2,33,1,0.500000
4,4,37,38,25,27,4,2,1.000000
4,4,37,38,31,2,3,1,0.500000
4,4,37,38,31,2,33,1,0.500000
4,4,37,38,31,28,4,4,1.000000
4,4,37,38,31,33,2,3,0.600000
4,4,37,38,31,33,27,1,0.200000
4,4,37,38,31,33,39,1,0.200000
4,4,37,38,33,28,4,2,1.000000
4,4,37,38,37,38,2,25,1.000000
4,4,38,2,3,4,5,41,1.000000
4,4,38,2,23,4,5,22,1.000000
4,4,38,2,24,40,4,18,1.000000
4,4,38,2,25,22,21,1,1.000000
4,4,38,2,32,23,4,2,1.000000
4,4,38,2,32,32,3,1,1.000000
4,4,38,2,32,33,27,3,0.750000
4,4,38,2,32,33,39,1,0.250000
4,4,38,2,33,27,4,5,1.000000
4,4,38,2,33,28,4,1,1.000000
4,4,38,2,33,34,35,1,1.000000
4,4,38,2,33,39,4,1,1.000000
4,4,38,25,2,24,40,1,1.000000
4,4,38,25,2,33,34,1,1.000000
4,4,38,25,27,4,5,2,1.000000
4,4,38,31,2,3,4,1,1.000000
4,4,38,31,2,33,39,1,1.000000
4,4,38,31,28,4,5,4,1.000000
4,4,38,31,33,2,23,1,0.333333
4,4,38,31,33,2,24,1,0.333333
4,4,38,31,33,2,33,1,0.333333
4,4,38,31,33,27,4,1,1.000000
4,4,38,31,33,39,4,1,1.000000
4,4,38,33,28,4,5,2,1.000000
4,4,38,37,38,2,3,9,0.360000
4,4,38,37,38,2,23,5,0.200000
4,4,38,37,38,2,33,5,0.200000
4,4,38,37,38,2,24,4,0.160000
4,4,38,37,38,2,32,2,0.080000
4,4,39,4,5,2,3,1,1.000000
4,4,39,4,5,23,4,1,1.000000
4,4,39,4,5,24,40,1,1.000000
4,4,39,4,5,31,2,48,0.941176
4,4,39,4,5,31,3,3,0.058824
4,4,40,4,5,2,3,4,0.444444
4,4,40,4,5,2,23,2,0.222222
4,4,40,4,5,2,24,2,0.222222
4,4,40,4,5,2,25,1,0.111111
4,4,40,4,5,4,5,2,1.000000
4,4,40,4,5,6,7,14,1.000000
4,4,40,4,5,8,5,7,1.000000
4,4,40,4,5,9,5,1,1.000000
4,4,40,4,5,10,5,10,1.000000
4,4,40,4,5,14,31,57,0.982759
4,4,40,4,5,14,2,1,0.017241
4,4,40,4,5,18,31,59,0.627660
4,4,40,4,5,18,19,17,0.180851
4,4,40,4,5,18,20,10,0.106383
4,4,40,4,5,18,14,6,0.063830
4,4,40,4,5,18,2,2,0.021277
4,4,40,4,5,22,31,68,1.000000
4,4,40,4,5,23,4,4,1.000000
4,4,40,4,5,30,5,14,1.000000
4,4,40,4,5,31,2,59,1.000000
4,4,40,4,5,40,4,1,1.000000
4,4,40,4,5,41,2,22,1.000000
4,4,41,2,3,4,5,33,1.000000
4,4,41,2,23,4,5,26,1.000000
4,4,41,2,24,40,4,11,1.000000
4,4,41,2,25,22,21,1,1.000000
4,4,41,2,32,23,4,2,1.000000
4,4,41,2,32,32,3,2,1.000000
4,4,41,2,32,33,27,1,0.500000
4,4,41,2,32,33,34,1,0.500000
4,4,41,2,33,27,4,2,1.000000
4,4,41,2,33,28,4,1,1.000000
4,4,41,2,33,34,35,3,1.000000
4,4,41,2,33,39,4,4,1.000000
